<?xml version="1.0" encoding="UTF-8"?>
<!--

    BleachBit
    Copyright (C) 2008-2025 Andrew Ziem
    https://www.bleachbit.org

    This program is free software: you can redistribute it and/or modify
    it under the terms of the GNU General Public License as published by
    the Free Software Foundation, either version 3 of the License, or
    (at your option) any later version.

    This program is distributed in the hope that it will be useful,
    but WITHOUT ANY WARRANTY; without even the implied warranty of
    MERCHANTABILITY or FITNESS FOR A PARTICULAR PURPOSE.  See the
    GNU General Public License for more details.

    You should have received a copy of the GNU General Public License
    along with this program.  If not, see <http://www.gnu.org/licenses/>.

-->
<cleaner id="skype">
  <label>Skype</label>
  <description>Chat client</description>
  <running type="exe" same_user="true">skype</running>
  <option id="chat_logs">
    <label>Chat logs</label>
    <description>Delete the chat logs</description>
    <action command="delete" search="glob" path="~/.Skype/*/chatmsg[0-9]*.dbb"/>
    <action command="delete" search="glob" path="~/.Skype/*/chatsync/*/*.dat"/>
    <action command="delete" search="glob" path="$APPDATA\Skype\*\chatmsg[0-9]*.dbb"/>
    <action command="delete" search="glob" path="$APPDATA\Skype\*\chatsync\*\*.dat"/>
  </option>
  <option id="installers">
    <label>Installers</label>
    <description>Delete cached patches and installers</description>
    <action command="delete" search="glob" path="$PROGRAMDATA\Skype\{*}\*.msi"/>
    <action command="delete" search="glob" path="$PROGRAMDATA\Skype\{*}\*.exe"/>
  </option>
</cleaner>
